,Resumen
0,"Highlights
09:45 🎯: (GL Trading) K
""31:07 💡: (Bruno) In today's video. Are you in? . Yeah Be going over a very important downside. But first, st I must consult with our instant financial abundance advisor over here and I will let him take it away from this moment.""
35:40 🎯: (GL Trading) Go.

{
    ""Nombre"": ""Bruno"",
    ""Apellido"": ""Unknown"",
    ""Empresa"": ""Unknown"",
    ""Email"": ""Unknown"",
    ""Interactions"": ""None mentioned"",
    ""Especialidad"": ""Unknown"",
    ""Twitter"": ""None mentioned"",
    ""Teléfono"": ""Unknown"",
    ""Pais"": ""Unknown"",
    ""Ultimo contacto"": ""Unknown"",
    ""Sitio Web"": ""Unknown"",
    ""LinkedIn"": ""Unknown"",
    ""Conclusion detallada de la reunion"": ""None mentioned""
}"
